<facelet-taglib version="2.2"
      xmlns="http://xmlns.jcp.org/xml/ns/javaee"
      xmlns:xsi="http://www.w3.org/2001/XMLSchema-instance"
      xsi:schemaLocation="http://xmlns.jcp.org/xml/ns/javaee http://xmlns.jcp.org/xml/ns/javaee/web-facelettaglibrary_2_2.xsd">
  <namespace>bilecki.com/LocalDateTimeConverter</namespace>
   <tag>
    <tag-name>LocalDateTimeConverter</tag-name>
    <converter>
     <converter-id>com.bilecki.util.LocalDateTimeConverter</converter-id>
    </converter>
   </tag>
</facelet-taglib>